{
  "datasets": {
    "PLFS": {
      "description": "Periodic Labour Force Survey (PLFS) provides detailed labour market statistics for India. It captures employment, unemployment, participation, types of employment, hours and days worked, and earnings for different population groups using standard tabulation frames (usual status, current weekly status, etc.). These indicators support policy analysis on job quality, wages, underemployment and sectoral employment patterns.",
      "indicators": [
        {
          "name": "Labour Force Participation Rate",
          "description": "The proportion of the working-age population (typically 15 years and above) that is either employed or actively seeking employment during the reference period. LFPR measures the size of the economically active population and is expressed as a percentage."
        },
        {
          "name": "Worker Population Ratio",
          "description": "The percentage of the total population who are employed (i.e., persons who did any work for pay or profit or worked without pay in a household enterprise) in the reference period. WPR indicates the share of people actually engaged in economic activity."
        },
        {
          "name": "Unemployment Rate",
          "description": "The share of the labour force who are not employed but are available for work and actively seeking employment during the reference period. It is expressed as a percentage of the labour force and signals labour market slack."
        },
        {
          "name": "Percentage distribution of workers",
          "description": "Breakdown of employed persons across key categories (for example: self-employed, regular wage/salaried, casual labour) or by sector/industry. This distribution highlights the composition and quality of employment."
        },
        {
          "name": "Percentage of regular wage/ salaried employees in usual status (ps+ss) in non-agriculture sector (NIC-2008 Divisions:05-99)",
          "description": "Proportion of workers in the non-agricultural sectors (NIC-2008 divisions 05–99) who are in regular wage/salaried employment when measured in usual status (principal + subsidiary status). Expressed as a percentage of total workers in those sectors."
        },
        {
          "name": "Average wage/salary earnings (Rs. 0.00) during the preceding calendar month from regular wage/salaried employment among the regular wage/salaried employees in CWS",
          "description": "Mean monthly earnings (in rupees) from regular wage/salaried employment for those classified as regular salaried employees in the Current Weekly Status (CWS). The reference is the preceding calendar month and captures base wages/salaries (excludes irregular receipts unless specified)."
        },
        {
          "name": "Average wage earnings (Rs. 0.00) per day from casual labour work other than public works in CWS",
          "description": "Average daily wage (in rupees) earned by persons engaged in casual labour outside public works programmes, measured for those in Current Weekly Status. Useful for comparing casual wage levels across regions and sectors."
        },
        {
          "name": "Average gross earnings (Rs. 0.00) during last 30 days from self-employment among self-employed persons in CWS",
          "description": "Mean gross receipts (in rupees) reported over the last 30 days by self-employed persons (own-account workers, unpaid family helpers, employers) captured in the Current Weekly Status, before deducting business expenses."
        },
        {
          "name": "Average no. of days worked in a week for workers in CWS",
          "description": "Average number of days worked per week by employed persons as recorded under Current Weekly Status. This indicator captures part-time vs full-time engagement and underemployment."
        },
        {
          "name": "Average number of hours actually worked per week considering all the economic activities performed during the week for workers in CWS",
          "description": "Mean total hours actually worked in a week across all economic activities for persons employed (CWS). This measures weekly time commitment and is helpful to detect long hours or time poverty."
        },
        {
          "name": "Average number of hours available for additional work in a week for person with different broad activity status in employment in CWS",
          "description": "Average spare time (hours per week) that employed persons report as available for additional paid work, disaggregated by broad activity status (e.g., self-employed, regular salaried, casual). Indicates potential underemployment or capacity to take extra work."
        },
        {
          "name": "Average wage earnings (Rs.) per day from casual labour work by industry of work (industry sections of NIC-2008)",
          "description": "Average daily earnings (in rupees) for casual labourers disaggregated by industry (NIC-2008 sections). This allows comparison of casual wage rates across industry groups and informs sectoral wage analysis."
        }
      ]
    },
    "Gender Statistics": {
      "description": "Gender Statistics indicators capturing demographic trends, fertility, health, education, labour, financial inclusion, political participation, crimes against women, disability, and social empowerment aspects.",
      "indicators": [
        {
          "name": "Trend in Population",
          "description": "Overall demographic trend showing population growth and changes over time."
        },
        {
          "name": "Sex Ratio",
          "description": "Number of females per 1,000 males in the population."
        },
        {
          "name": "Average Annual Growth Rate of Population",
          "description": "Rate of annual growth in total population over a specified period."
        },
        { "name":"Distribution of Rape Victims",
          "description": "forcefully sex ,rape  women, female,girls , india ."

        },
        {
          "name": "Percentage Distribution of Projected Population",
          "description": "Estimated distribution of projected population across age groups and regions."
        },
        {
          "name": "Sex ratio in context of developmental planning",
          "description": "Sex ratio data considered in policy planning and resource allocation."
        },
        {
          "name": "State-wise Sex Ratio",
          "description": "Sex ratio disaggregated by states and union territories."
        },
        {
          "name": "Sex ratio at birth for bigger States based on Sample Registration System",
          "description": "Sex ratio at birth for large states as per SRS estimates."
        },
        {
          "name": "General Fertility Rate",
          "description": "Number of live births per 1,000 women of reproductive age (15-49 years)."
        },
        {
          "name": "Age-specific Fertility rate",
          "description": "Fertility rate by specific age groups of women."
        },
        {
          "name": "Total Fertility Rate",
          "description": "Average number of children born to a woman during her reproductive years."
        },
        {
          "name": "Percentage distribution of live births",
          "description": "Share of live births across demographic groups."
        },
        {
          "name": "Adolescent Fertility Rates",
          "description": "Birth rate among adolescent women aged 15–19 years."
        },
        {
          "name": "Age Specific Fertility Rate by level of education of women",
          "description": "Fertility rates by age groups, further classified by women’s educational attainment."
        },
        {
          "name": "Women's Mean Age at Marriage",
          "description": "Average age of women at the time of marriage."
        },
        {
          "name": "Year Wise Infant Mortality Rate",
          "description": "Number of deaths of infants (below 1 year) per 1,000 live births across years."
        },
        {
          "name": "State/UT Wise Infant Mortality Rate",
          "description": "Infant mortality rates disaggregated by state and union territory."
        },
        {
          "name": "Under-Five Mortality Rates (U5MR)",
          "description": "Number of deaths of children under age 5 per 1,000 live births."
        },
        {
          "name": "Year Wise Life Expectancy at birth",
          "description": "Average life expectancy at birth across different years."
        },
        {
          "name": "State/UT wise Life Expectancy at birth",
          "description": "Life expectancy at birth categorized by state/UT."
        },
        {
          "name": "Life Expectation at age 60",
          "description": "Average life expectancy for individuals at age 60."
        },
        {
          "name": "Maternal Mortality Ratio",
          "description": "Maternal deaths per 100,000 live births."
        },
        {
          "name": "Maternity Care Indicators",
          "description": "Indicators related to antenatal, delivery, and postnatal care for women."
        },
        {
          "name": "Percentage of Births Attended by Skilled Health Personnel",
          "description": "Share of deliveries attended by qualified doctors, nurses, or midwives."
        },
        {
          "name": "Percentage of married women use any modern method of family planning",
          "description": "Proportion of currently married women using modern contraception methods."
        },
        {
          "name": "Unmet Need for Family Planning",
          "description": "Percentage of married women who want to delay or stop childbearing but are not using contraception."
        },
        {
          "name": "Need for Family Planning Satisfied with Modern Methods (Proportion of Women)",
          "description": "Proportion of demand for family planning met through modern contraceptive methods."
        },
        {
          "name": "Current tobacco use (15 years or above)",
          "description": "Percentage of persons aged 15 years or above currently using tobacco."
        },
        {
          "name": "Proportion of Adults who are Obese (BMI >= 30.0)",
          "description": "Percentage of adults with body mass index (BMI) greater than or equal to 30."
        },
        {
          "name": "Number of new HIV infections per 1,000 uninfected population",
          "description": "Incidence of HIV infection per 1,000 uninfected individuals."
        },
        {
          "name": "Number of PLHIV alive and on ART at the end of January 2025",
          "description": "Total persons living with HIV who are on antiretroviral therapy as of January 2025."
        },
        {
          "name": "Cases and Deaths due to Acute Diarrhoeal Diseases",
          "description": "Reported cases and deaths caused by acute diarrhoeal diseases."
        },
        {
          "name": "Cases and Deaths due to Cholera Infection",
          "description": "Reported incidence and mortality due to cholera."
        },
        {
          "name": "Cases and Deaths due to Enteric Fever (Typhoid) Infection",
          "description": "Reported incidence and deaths due to enteric fever (typhoid)."
        },
        {
          "name": "Cases and Deaths due to Acute Respiratory Infection",
          "description": "Cases and mortality due to acute respiratory infections."
        },
        {
          "name": "Cases and Deaths due to Neonatal Tetanus Infection",
          "description": "Reported neonatal tetanus infections and related mortality."
        },
        {
          "name": "Cases and Deaths due to Tetanus Infection",
          "description": "Reported incidence and deaths caused by tetanus (non-neonatal)."
        },
        {
          "name": "Cases and Deaths due to Diphtheria Infection",
          "description": "Cases and mortality caused by diphtheria."
        },
        {
          "name": "Cases and Deaths due to Whooping Cough infection",
          "description": "Reported cases and deaths caused by pertussis (whooping cough)."
        },
        {
          "name": "Cases and Deaths due to Measles Infection",
          "description": "Incidence and mortality due to measles."
        },
        {
          "name": "Cases and Deaths due to Viral Hepatitis (All Causes)",
          "description": "Reported hepatitis infections and associated deaths."
        },
        {
          "name": "Cases and Deaths due to Rabies Infection",
          "description": "Incidence and mortality caused by rabies."
        },
        {
          "name": "Cases and Deaths due to Pneumonia Infection",
          "description": "Reported pneumonia cases and related deaths."
        },
        {
          "name": "Cases and Deaths due to Meningococcal Meningitis Infection",
          "description": "Reported cases and mortality due to meningococcal meningitis."
        },
        {
          "name": "Cases and Deaths due to Syphilis",
          "description": "Incidence and mortality due to syphilis infection."
        },
        {
          "name": "Cases and Deaths due to Gonococcal Infection",
          "description": "Reported cases and deaths caused by gonococcal infection."
        },
        {
          "name": "Cases and Deaths due to Chicken Pox",
          "description": "Incidence and deaths due to varicella (chicken pox)."
        },
        {
          "name": "Cases and Deaths due to Encephalitis Infection",
          "description": "Reported encephalitis infections and associated mortality."
        },
        {
          "name": "Cases and Deaths due to Viral Meningitis Infection",
          "description": "Reported cases and deaths due to viral meningitis."
        },
        {
          "name": "Cases and Deaths due to Snake Bite",
          "description": "Incidence and mortality due to snake bites."
        },
        {
          "name": "Women undergone a screening test for cervical cancer and breast cancer (%)",
          "description": "Percentage of women screened for cervical and breast cancers."
        },
        {
          "name": "Women who have comprehensive knowledge of HIV/AIDS (%)",
          "description": "Percentage of women with complete knowledge about HIV/AIDS transmission and prevention."
        },
        {
          "name": "Women whose Body Mass Index is below normal and who are overweight or obese",
          "description": "Proportion of women categorized as underweight, overweight, or obese based on BMI."
        },
        {
          "name": "Ayush Registered Practitioners (Doctors)",
          "description": "Number of doctors registered under AYUSH systems of medicine."
        },
        {
          "name": "Number of Registered Nurses",
          "description": "Total number of nurses registered in the healthcare system."
        }
      ]
    },
    "ASUSE": {
      "description": "All-India Survey of Unincorporated Non-Agricultural Enterprises (ASUSE) indicators covering enterprise characteristics, workers, and financial performance.",
      "indicators": [
        {
          "name": "Estimated Number of Enterprises",
          "description": "Total estimated number of unincorporated non-agricultural enterprises by activity and type."
        },
        {
          "name": "Estimated Number of Workers",
          "description": "Total estimated number of workers engaged in enterprises, including hired and household workers."
        },
        {
          "name": "Estimated Gross Value Added (GVA) Per Enterprise",
          "description": "Average gross value added generated per enterprise."
        },
        {
          "name": "Estimated Gross Value Added (GVA) Per Worker",
          "description": "Average gross value added generated per worker employed in enterprises."
        },
        {
          "name": "Estimated Annual Emoluments Per Hired Worker",
          "description": "Annual compensation or emoluments paid per hired worker in enterprises."
        },
        {
          "name": "Estimated Number of Enterprises by Activity",
          "description": "Distribution of enterprises across activities such as manufacturing, trade, services etc."
        },
        {
          "name": "Estimated Number of Enterprises by Type of Ownership",
          "description": "Distribution of enterprises by ownership categories such as proprietary, partnership, cooperative etc."
        },
        {
          "name": "Estimated Number of Enterprises by Sector",
          "description": "Distribution of enterprises in rural and urban sectors."
        },
        {
          "name": "Estimated Number of Enterprises by Type of Accounts Maintained",
          "description": "Enterprises classified by maintenance of accounts - formal, informal or none."
        },
        {
          "name": "Estimated Number of Enterprises Using ICT",
          "description": "Enterprises using information and communication technology including computers and internet."
        },
        {
          "name": "Per 1000 Distribution of Enterprises by Registration",
          "description": "Proportion of enterprises registered under different Acts/Authorities."
        },
        {
          "name": "Per 1000 Distribution of Enterprises by Nature of Operation",
          "description": "Proportion of enterprises by perennial, seasonal, or casual nature."
        },
        {
          "name": "Per 1000 Distribution of Enterprises by Working Hours",
          "description": "Proportion of enterprises by average daily working hours."
        },
        {
          "name": "Per 1000 Distribution of Enterprises by Months of Operation",
          "description": "Proportion of enterprises by number of months operated in last 365 days."
        },
        {
          "name": "State/UT-wise Estimated Number of Enterprises",
          "description": "Estimated number of enterprises across States and Union Territories."
        },
        {
          "name": "State/UT-wise Estimated Number of Workers",
          "description": "Estimated number of workers across States and Union Territories."
        },
        {
          "name": "State/UT-wise Estimated GVA Per Enterprise",
          "description": "Average gross value added per enterprise across States and UTs."
        },
        {
          "name": "State/UT-wise Estimated GVA Per Worker",
          "description": "Average gross value added per worker across States and UTs."
        },
        {
          "name": "State/UT-wise Estimated Emoluments Per Hired Worker",
          "description": "Average annual emoluments per hired worker across States and UTs."
        },
        {
          "name": "State/UT-wise Distribution of Enterprises by Activity",
          "description": "Enterprises classified by activity across different States and Union Territories."
        },
        {
          "name": "State/UT-wise Distribution of Enterprises by Ownership",
          "description": "Enterprises classified by ownership across different States and Union Territories."
        }
      ]
    },
    
   "ASI": {
    "description": "Annual Survey of Industries (ASI) indicators covering industrial performance, capital, output, input, workers, and financial aspects.",
    "indicators": [
      {
        "name": "Number of Factories",
        "description": "Total number of registered factories covered under ASI."
      },
      {
        "name": "Factories in Operation",
        "description": "Number of factories in operation during the survey period."
      },
      {
        "name": "Fixed Capital",
        "description": "Value of fixed assets such as land, buildings, plant and machinery."
      },
      {
        "name": "Physical Working Capital",
        "description": "Value of inventories including raw materials, fuels, and semi-finished goods."
      },
      {
        "name": "Working Capital",
        "description": "Difference between current assets and current liabilities of factories."
      },
      {
        "name": "Invested Capital",
        "description": "Total capital invested including fixed and working capital."
      },
      {
        "name": "Gross Value of Addition to Fixed Capital",
        "description": "Total additions made to fixed assets during the year."
      },
      {
        "name": "Rent Paid for Fixed Assets",
        "description": "Total rent paid for using fixed assets such as land and buildings."
      },
      {
        "name": "Outstanding Loan",
        "description": "Total outstanding loans of the factory sector."
      },
      {
        "name": "Interest Paid",
        "description": "Total interest paid on outstanding loans."
      },
      {
        "name": "Rent Received for Fixed Asset",
        "description": "Total rent received from leasing fixed assets."
      },
      {
        "name": "Interest Received",
        "description": "Total interest received from lending or deposits."
      },
      {
        "name": "Gross Value of Plant & Machinery",
        "description": "Total value of plant and machinery owned."
      },
      {
        "name": "Value of Product and By-Product",
        "description": "Value of goods and by-products produced."
      },
      {
        "name": "Total Output",
        "description": "Gross value of output including products and by-products."
      },
      {
        "name": "Fuels Consumed",
        "description": "Total value of fuels consumed in production."
      },
      {
        "name": "Materials Consumed",
        "description": "Total value of raw materials consumed in production."
      },
      {
        "name": "Total Inputs",
        "description": "Value of all inputs consumed including materials and fuels."
      },
      {
        "name": "Gross Value Added",
        "description": "Gross value added to the economy by the industrial sector."
      },
      {
        "name": "Depreciation",
        "description": "Consumption of fixed capital during production."
      },
      {
        "name": "Net Value Added",
        "description": "Gross value added minus depreciation."
      },
      {
        "name": "Net Fixed Capital Formation",
        "description": "Net increase in fixed capital during the year."
      },
      {
        "name": "Gross Fixed Capital Formation",
        "description": "Total additions to fixed capital including replacement."
      },
      {
        "name": "Addition in Stock of Materials, Fuels, Semi Finished Goods, Finished Goods etc.",
        "description": "Net change in stock of inventories during the year."
      },
      {
        "name": "Addition in Stock of Materials, Fuels etc.",
        "description": "Change in stock of raw materials and fuels."
      },
      {
        "name": "Addition in Stock of Semi Finished Goods",
        "description": "Change in stock of semi-finished goods."
      },
      {
        "name": "Addition in Stock of Finished Goods",
        "description": "Change in stock of finished goods."
      },
      {
        "name": "Gross Capital Formation",
        "description": "Total capital formation including fixed capital and stock changes."
      },
      {
        "name": "Net Income",
        "description": "Total income after deducting costs and expenses."
      },
      {
        "name": "Net Profit",
        "description": "Profit after accounting for depreciation, interest, and rent."
      },
      {
        "name": "Total Number of Persons Engaged",
        "description": "Total number of persons engaged in factories including workers and employees."
      },
      {
        "name": "Total Number of Workers",
        "description": "Total number of workers engaged directly or indirectly."
      },
      {
        "name": "No. of Directly Employed Workers",
        "description": "Number of workers directly employed by factories."
      },
      {
        "name": "No. of Directly Employed Male Workers",
        "description": "Number of male workers directly employed."
      },
      {
        "name": "No. of Directly Employed Female Workers",
        "description": "Number of female workers directly employed."
      },
      {
        "name": "No. of Directly Employed Children Workers",
        "description": "Number of child workers directly employed."
      },
      {
        "name": "No. of Workers employed Through Contractors",
        "description": "Number of workers engaged through contractors."
      },
      {
        "name": "No. of Employees Other Than Workers",
        "description": "Number of employees other than workers engaged in factories."
      },
      {
        "name": "No. of Employees Other Than Workers -Supervisory and Managerial",
        "description": "Supervisory and managerial employees engaged in factories."
      },
      {
        "name": "No. of Employees Other Than Workers -Other Employees",
        "description": "Other non-managerial employees engaged in factories."
      },
      {
        "name": "Unpaid family members-proprietor etc",
        "description": "Number of unpaid family members or proprietors engaged."
      },
      {
        "name": "Total Mandays Employed",
        "description": "Total mandays employed by workers and staff during the year."
      },
      {
        "name": "Wages and Salaries Including Employer's Contribution",
        "description": "Total wages and salaries including employer contributions."
      },
      {
        "name": "Wages and Salaries Including Bonus",
        "description": "Total wages and salaries including bonuses."
      },
      {
        "name": "Wages and Salaries",
        "description": "Total wages and salaries paid."
      },
      {
        "name": "Wages and Salary of Workers",
        "description": "Total wages and salaries of workers only."
      },
      {
        "name": "Wages and Salary of Supervisory & Managerial Employees",
        "description": "Wages and salaries paid to supervisory and managerial staff."
      },
      {
        "name": "Wages and Salary of Other Employees",
        "description": "Wages and salaries paid to other non-managerial employees."
      },
      {
        "name": "Bonus to All Staff",
        "description": "Total bonuses paid to all staff."
      },
      {
        "name": "Employers' Contribution",
        "description": "Employers' contribution to social security and other funds."
      },
      {
        "name": "Quantity of Coal Consumed",
        "description": "Total quantity of coal consumed in production."
      },
      {
        "name": "Value of Coal Consumed",
        "description": "Total value of coal consumed."
      },
      {
        "name": "Quantity of Electricity Purchased and Consumed",
        "description": "Quantity of electricity purchased and consumed in production."
      },
      {
        "name": "Value of Electricity Purchased and Consumed",
        "description": "Value of electricity purchased and consumed."
      },
      {
        "name": "Value of Petroleum Products Consumed",
        "description": "Total value of petroleum products consumed."
      },
      {
        "name": "Value of Other Fuels Consumed",
        "description": "Total value of other fuels consumed."
      },
      {
        "name": "Total Value of Fuel Consumed",
        "description": "Gross value of all fuels consumed in production."
      },
      {
        "name": "Mandays-Workers",
        "description": "Total mandays employed by workers only."
      },
      {
        "name": "Total Emoluments",
        "description": "Total emoluments paid including wages, salaries, bonuses, and benefits."
      },
      {
        "name": "Workmen & Staff Welfare Exps",
        "description": "Total expenditure on workmen and staff welfare."
      }
    ]
    },

   "IIP": {
    "description": "Index of Industrial Production (IIP) indicators covering sectoral, use-based, and manufacturing categories across multiple base years and frequencies (monthly/annual).",
    "indicators": [
      {
        "name": "Mining (Annual, 2022-23, Base Year 2011-12)",
        "description": "Annual IIP data for the Mining sector in 2022-23 using base year 2011-12."
      },
      {
        "name": "Capital Goods (2015-16, Base Year 2004-05)",
        "description": "Annual IIP figures for Capital Goods for financial year 2015-16 with base year 2004-05."
      },
      {
        "name": "Primary Goods (Monthly, Feb 2023, Base Year 2011-12)",
        "description": "Monthly IIP for Primary Goods in February 2023 using base year 2011-12."
      },
      {
        "name": "Electricity (2019-20, Base Year 1993-94)",
        "description": "Annual IIP for Electricity sector in 2019-20 with base year 1993-94."
      },
      {
        "name": "Manufacture of Beverages (2016-17, Base Year 2011-12)",
        "description": "Annual IIP for Manufacture of Beverages in 2016-17 using base year 2011-12."
      },
      {
        "name": "Textiles (Monthly, May 2024, Base Year 2011-12)",
        "description": "Monthly IIP for Manufacture of Textiles in May 2024 under base year 2011-12."
      },
      {
        "name": "Infrastructure/Construction Goods (2021-22, Base Year 2011-12)",
        "description": "Annual IIP for Infrastructure/Construction Goods in 2021-22 using base year 2011-12."
      },
      {
        "name": "Consumer Durables (2020-21, Base Year 2004-05)",
        "description": "Annual IIP data for Consumer Durables in 2020-21 under base year 2004-05."
      },
      {
        "name": "Rubber and Plastics Products (Monthly, Oct 2022)",
        "description": "Monthly IIP for Manufacture of Rubber and Plastics Products in October 2022."
      },
      {
        "name": "Intermediate Goods (Monthly, Jan 2025, Base Year 2011-12)",
        "description": "Monthly IIP for Intermediate Goods in January 2025 using base year 2011-12."
      },
      {
        "name": "Repair of Capital Goods (2023-24)",
        "description": "Annual IIP data for Repair of Capital Goods in financial year 2023-24."
      },
      {
        "name": "General Category (2013-14, Base Year 1993-94)",
        "description": "Annual IIP for General category in 2013-14 using base year 1993-94."
      },
      {
        "name": "Transport Equipment and Parts (Monthly, Mar 2017)",
        "description": "Monthly IIP for Manufacture of Transport Equipment and Parts in March 2017."
      },
      {
        "name": "Pharmaceuticals (Monthly, Apr 2020)",
        "description": "Monthly IIP data for Manufacture of Pharmaceuticals in April 2020."
      },
      {
        "name": "Other Manufacturing Industries (2012-13)",
        "description": "Annual IIP for Other Manufacturing Industries in 2012-13."
      },
      {
        "name": "Printing and Reproduction of Recorded Media (2017-18)",
        "description": "Annual IIP for Printing and Reproduction of Recorded Media in 2017-18."
      },
      {
        "name": "Consumer Non-durables (Monthly, Jun 2022)",
        "description": "Monthly IIP data for Consumer Non-durables in June 2022."
      },
      {
        "name": "Wood and Cork Products (2018-19)",
        "description": "Annual IIP for Manufacture of Wood and Products of Wood and Cork in 2018-19."
      },
      {
        "name": "Chemicals and Chemical Products (Monthly, Feb 2016)",
        "description": "Monthly IIP for Manufacture of Chemicals and Chemical Products in February 2016."
      },
      {
        "name": "Leather and Related Products (Monthly, Aug 2015)",
        "description": "Monthly IIP data for Manufacture of Leather and Related Products in August 2015."
      },
      {
        "name": "General Category (Monthly, Jul 2020, Base Year 2004-05)",
        "description": "Monthly IIP for General category in July 2020 using base year 2004-05."
      },
      {
        "name": "Food Products (Monthly, Dec 2019)",
        "description": "Monthly IIP for Manufacture of Food Products in December 2019."
      },
      {
        "name": "Coke and Refined Petroleum Products (Monthly, Mar 2013)",
        "description": "Monthly IIP for Manufacture of Coke and Refined Petroleum Products in March 2013."
      },
      {
        "name": "Leather and Leather Products (Annual, 2024-25)",
        "description": "Annual IIP for Manufacture of Leather and Products of Leather in 2024-25."
      },
      {
        "name": "Capital Goods (Monthly, Nov 2021)",
        "description": "Monthly IIP data for Capital Goods in November 2021."
      },
      {
        "name": "Paper and Paper Products; Printing Publishing (2018-19)",
        "description": "Annual IIP for Manufacture of Paper and Paper Products and Printing Publishing in 2018-19."
      },
      {
        "name": "Consumer Non-durables (Monthly, Apr 2023)",
        "description": "Monthly IIP data for Consumer Non-durables in April 2023."
      },
      {
        "name": "Sectoral Category (2014-15, Base Year 1993-94)",
        "description": "Annual IIP data for Sectoral category in 2014-15 using base year 1993-94."
      },
      {
        "name": "Infrastructure/Construction Goods (2017-18, Base Year 2011-12)",
        "description": "Annual IIP for Infrastructure/Construction Goods in 2017-18 using base year 2011-12."
      },
      {
        "name": "Transport Equipment and Parts (Monthly, Oct 2018)",
        "description": "Monthly IIP for Manufacture of Transport Equipment and Parts in October 2018."
      },
      {
        "name": "Primary Goods (Monthly, Feb 2020, Base Year 2011-12)",
        "description": "Monthly IIP data for Primary Goods in February 2020 using base year 2011-12."
      },
      {
        "name": "Pharmaceuticals (Annual, 2022-23)",
        "description": "Annual IIP data for Manufacture of Pharmaceuticals in 2022-23."
      },
      {
        "name": "Wood, Furniture and Fixtures (2019-20)",
        "description": "Annual IIP for Manufacture of Wood and Wood Products; Furniture and Fixtures in 2019-20."
      },
      {
        "name": "Intermediate Goods (Monthly, Jun 2017, Base Year 2011-12)",
        "description": "Monthly IIP for Intermediate Goods in June 2017 using base year 2011-12."
      },
      {
        "name": "Wearing Apparel (Monthly, Sep 2021)",
        "description": "Monthly IIP for Manufacture of Wearing Apparel in September 2021."
      },
      {
        "name": "Use-based Category (2016-17, Base Year 2011-12)",
        "description": "Annual IIP for Use-based classification in 2016-17 using base year 2011-12."
      },
      {
        "name": "Basic Chemicals (Monthly, Oct 2024)",
        "description": "Monthly IIP for Manufacture of Basic Chemicals in October 2024."
      },
      {
        "name": "Tobacco Products (2020-21)",
        "description": "Annual IIP for Manufacture of Tobacco Products in 2020-21."
      },
      {
        "name": "Articles of Straw (Monthly, Jan 2023)",
        "description": "Monthly IIP for Manufacture of Articles of Straw in January 2023."
      },
      {
        "name": "Textiles (Monthly, May 2015, Base Year 2004-05)",
        "description": "Monthly IIP for Manufacture of Textiles in May 2015 using base year 2004-05."
      },
      {
        "name": "Rubber and Plastics Products (2015-16, Base Year 2011-12)",
        "description": "Annual IIP for Manufacture of Rubber and Plastics Products in 2015-16 using base year 2011-12."
      },
      {
        "name": "Paper and Paper Products (Monthly, Aug 2020)",
        "description": "Monthly IIP for Manufacture of Paper and Paper Products in August 2020."
      },
      {
        "name": "Mining (2012-13, Base Year 1993-94)",
        "description": "Annual IIP for Mining sector in 2012-13 using base year 1993-94."
      },
      {
        "name": "Textiles (Monthly, Jun 2023)",
        "description": "Monthly IIP for Manufacture of Textiles in June 2023."
      },
      {
        "name": "Consumer Durables (Monthly, Mar 2014)",
        "description": "Monthly IIP data for Consumer Durables in March 2014."
      },
      {
        "name": "Electricity (2021-22, Base Year 2011-12)",
        "description": "Annual IIP for Electricity sector in 2021-22 with base year 2011-12."
      },
      {
        "name": "Wearing Apparel (Monthly, Dec 2016)",
        "description": "Monthly IIP data for Manufacture of Wearing Apparel in December 2016."
      },
      {
        "name": "Intermediate Goods (2017-18)",
        "description": "Annual IIP for Use-based category: Intermediate Goods in 2017-18."
      },
      {
        "name": "Furniture and Fixtures (Monthly, Jul 2018)",
        "description": "Monthly IIP for Manufacture of Furniture and Fixtures in July 2018."
      },
      {
        "name": "Printing and Reproduction of Recorded Media (Monthly, Apr 2015)",
        "description": "Monthly IIP for Printing and Reproduction of Recorded Media in April 2015."
      },
      {
        "name": "Beverages (2020-21, Base Year 2011-12)",
        "description": "Annual IIP for Manufacture of Beverages in 2020-21 using base year 2011-12."
      },
      {
        "name": "Pharmaceuticals (Monthly, Feb 2025)",
        "description": "Monthly IIP for Manufacture of Pharmaceuticals in February 2025."
      },
      {
        "name": "General Category (2018-19)",
        "description": "Annual IIP for Sectoral General category in 2018-19."
      },
      {
        "name": "Leather and Related Products (Monthly, Oct 2021)",
        "description": "Monthly IIP for Manufacture of Leather and Related Products in October 2021."
      },
      {
        "name": "Capital Goods (2023-24)",
        "description": "Annual IIP for Capital Goods in financial year 2023-24."
      },
      {
        "name": "Basic Chemicals (Monthly, Jul 2017)",
        "description": "Monthly IIP for Manufacture of Basic Chemicals in July 2017."
      },
      {
        "name": "Articles of Straw (2016-17)",
        "description": "Annual IIP for Manufacture of Articles of Straw in 2016-17."
      },
      {
        "name": "Transport Equipment (Monthly, Nov 2019)",
        "description": "Monthly IIP for Manufacture of Transport Equipment in November 2019."
      },
      {
        "name": "Consumer Non-durables (2019-20)",
        "description": "Annual IIP for Use-based category: Consumer Non-durables in 2019-20."
      },
      {
        "name": "Textiles (Monthly, Aug 2022)",
        "description": "Monthly IIP for Manufacture of Textiles in August 2022."
      },
      {
        "name": "Sectoral Category (2013-14, Base Year 2004-05)",
        "description": "Annual IIP data for Sectoral category in 2013-14 under base year 2004-05."
      },
      {
        "name": "Coke and Refined Petroleum Products (Monthly, Jun 2021)",
        "description": "Monthly IIP for Manufacture of Coke and Refined Petroleum Products in June 2021."
      },
      {
        "name": "Electricity (Monthly, Sep 2019, Base Year 2011-12)",
        "description": "Monthly IIP for Electricity sector in September 2019 under base year 2011-12."
      },
      {
        "name": "Infrastructure/Construction Goods (2014-15, Base Year 1993-94)",
        "description": "Annual IIP for Infrastructure/Construction Goods in 2014-15 using base year 1993-94."
      },
      {
        "name": "Leather and Leather Products (Monthly, May 2016)",
        "description": "Monthly IIP for Manufacture of Leather and Products of Leather in May 2016."
      },
      {
        "name": "Consumer Non-durables (2024-25)",
        "description": "Annual IIP for Consumer Non-durables in financial year 2024-25."
      },
      {
        "name": "Beverages (Monthly, Nov 2023)",
        "description": "Monthly IIP for Manufacture of Beverages in November 2023."
      },
      {
        "name": "Mining (2017-18, Base Year 2011-12)",
        "description": "Annual IIP for Mining sector in 2017-18 using base year 2011-12."
      },
      {
        "name": "Pharmaceuticals (Monthly, Dec 2018)",
        "description": "Monthly IIP for Manufacture of Pharmaceuticals in December 2018."
      },
      {
        "name": "Capital Goods (Monthly, Apr 2019)",
        "description": "Monthly IIP for Capital Goods in April 2019."
      },
      {
        "name": "Tobacco Products (2015-16)",
        "description": "Annual IIP for Manufacture of Tobacco Products in financial year 2015-16."
      },
      {
        "name": "Rubber and Plastics Products (Monthly, Feb 2022)",
        "description": "Monthly IIP for Manufacture of Rubber and Plastics Products in February 2022."
      },
      {
        "name": "Sectoral Category (2016-17, Base Year 2004-05)",
        "description": "Annual IIP for Sectoral category in 2016-17 under base year 2004-05."
      },
      {
        "name": "Textiles (Monthly, Oct 2020)",
        "description": "Monthly IIP for Manufacture of Textiles in October 2020."
      },
      {
        "name": "General Category (2012-13, Base Year 1993-94)",
        "description": "Annual IIP data for General category in 2012-13 using base year 1993-94."
      },
      {
        "name": "Food Products (Monthly, Aug 2021)",
        "description": "Monthly IIP for Manufacture of Food Products in August 2021."
      },
      {
        "name": "Consumer Durables (Monthly, Nov 2015)",
        "description": "Monthly IIP for Consumer Durables in November 2015."
      },
      {
        "name": "Transport Equipment and Parts (2021-22)",
        "description": "Annual IIP for Manufacture of Transport Equipment and Parts in 2021-22."
      },
      {
        "name": "Infrastructure/Construction Goods (Monthly, May 2023)",
        "description": "Monthly IIP for Infrastructure/Construction Goods in May 2023."
      },
      {
        "name": "Printing and Reproduction of Recorded Media (Monthly, Jan 2014)",
        "description": "Monthly IIP for Printing and Reproduction of Recorded Media in January 2014."
      }
    ]
  }
}
}